INSERT INTO uni_yonetim.bolum (bolum_id, ad, fakulte) VALUES
(1, 'Bilgisayar Mühendisliği', 'Mühendislik Fakültesi'),
(2, 'Elektrik-Elektronik Mühendisliği', 'Mühendislik Fakültesi'),
(3, 'Makine Mühendisliği', 'Mühendislik Fakültesi'),
(4, 'Endüstri Mühendisliği', 'Mühendislik Fakültesi'),
(5, 'İşletme', 'İktisadi ve İdari Bilimler Fakültesi'),
(6, 'Psikoloji', 'İnsan ve Toplum Bilimleri Fakültesi');

INSERT INTO uni_yonetim.ogrenci (ogrenci_no, ad, soyad, e_posta, telefon, sinif, statu, bolum_id) VALUES
(1001, 'Ahmet', 'Yılmaz', 'ahmet.yilmaz@etu.edu.tr', '5311112233', '1', 'aktif', 1),
(1002, 'Ayşe', 'Demir', 'ayse.demir@etu.edu.tr', '5312223344', '2', 'aktif', 2),
(1003, 'Mehmet', 'Kara', 'mehmet.kara@etu.edu.tr', '5313334455', '3', 'aktif', 3),
(1004, 'Zeynep', 'Aydın', 'zeynep.aydin@etu.edu.tr', '5314445566', '1', 'aktif', 1),
(1005, 'Ali', 'Koç', 'ali.koc@etu.edu.tr', '5315556677', '4', 'aktif', 4),
(1006, 'Elif', 'Şahin', 'elif.sahin@etu.edu.tr', '5316667788', '2', 'aktif', 5),
(1007, 'Burak', 'Çelik', 'burak.celik@etu.edu.tr', '5317778899', '3', 'aktif', 2),
(1008, 'Nazlı', 'Öztürk', 'nazli.ozturk@etu.edu.tr', '5318889900', '1', 'aktif', 6),
(1009, 'Yusuf', 'Kaya', 'yusuf.kaya@etu.edu.tr', '5319990011', '2', 'aktif', 1),
(1010, 'Deniz', 'Yalçın', 'deniz.yalcin@etu.edu.tr', '5301112233', '3', 'aktif', 3),
(1011, 'Hülya', 'Arslan', 'hulya.arslan@etu.edu.tr', '5302223344', '4', 'aktif', 2),
(1012, 'Okan', 'Güneş', 'okan.gunes@etu.edu.tr', '5303334455', '1', 'aktif', 4),
(1013, 'Fatma', 'Kurt', 'fatma.kurt@etu.edu.tr', '5304445566', '2', 'aktif', 5),
(1014, 'Cem', 'Toprak', 'cem.toprak@etu.edu.tr', '5305556677', '3', 'aktif', 6),
(1015, 'Melis', 'Bozkurt', 'melis.bozkurt@etu.edu.tr', '5306667788', '4', 'aktif', 1),
(1016, 'Kerem', 'Ergin', 'kerem.ergin@etu.edu.tr', '5307778899', '1', 'aktif', 2),
(1017, 'Sena', 'Yıldız', 'sena.yildiz@etu.edu.tr', '5308889900', '2', 'aktif', 3),
(1018, 'Tolga', 'Duman', 'tolga.duman@etu.edu.tr', '5309990011', '3', 'aktif', 4),
(1019, 'İrem', 'Kaya', 'irem.kaya@etu.edu.tr', '5391112233', '4', 'aktif', 5),
(1020, 'Mert', 'Taş', 'mert.tas@etu.edu.tr', '5392223344', '1', 'aktif', 6),
(1021, 'Selin', 'Acar', 'selin.acar@etu.edu.tr', '5393334455', '2', 'aktif', 1),
(1022, 'Berk', 'Aksoy', 'berk.aksoy@etu.edu.tr', '5394445566', '3', 'aktif', 2),
(1023, 'Derya', 'Kocabaş', 'derya.kocabas@etu.edu.tr', '5395556677', '4', 'aktif', 3);

INSERT INTO uni_yonetim.ogretim_uyesi (ogretmen_id, ad, soyad, e_posta, unvan, bolum_id) VALUES
(2001, 'Selçuk', 'Erdoğan', 'selcuk.erdogan@etu.edu.tr', 'Profesör', 1),
(2002, 'Gizem', 'Yılmaz', 'gizem.yilmaz@etu.edu.tr', 'Doçent', 2),
(2003, 'Hasan', 'Kurt', 'hasan.kurt@etu.edu.tr', 'Dr. Öğr. Üyesi', 3),
(2004, 'Büşra', 'Demir', 'busra.demir@etu.edu.tr', 'Doçent', 4),
(2005, 'Cemal', 'Koç', 'cemal.koc@etu.edu.tr', 'Profesör', 5),
(2006, 'Zeynep', 'Öztürk', 'zeynep.ozturk@etu.edu.tr', 'Dr. Öğr. Üyesi', 6),
(2007, 'Levent', 'Acar', 'levent.acar@etu.edu.tr', 'Dr. Öğr. Üyesi', 1),
(2008, 'Meltem', 'Çelik', 'meltem.celik@etu.edu.tr', 'Doçent', 2),
(2009, 'Murat', 'Güneş', 'murat.gunes@etu.edu.tr', 'Profesör', 3),
(2010, 'Ayça', 'Yalçın', 'ayca.yalcin@etu.edu.tr', 'Dr. Öğr. Üyesi', 4),
(2011, 'Tolga', 'Arslan', 'tolga.arslan@etu.edu.tr', 'Profesör', 5),
(2012, 'Pelin', 'Taş', 'pelin.tas@etu.edu.tr', 'Dr. Öğr. Üyesi', 6);

INSERT INTO uni_yonetim.ogrenci (ogrenci_no, ad, soyad, e_posta, telefon, sinif, statu, bolum_id) VALUES
(1024, 'Betül', 'Er', 'betul.er@etu.edu.tr', '5301010101', '1', 'aktif', 2),
(1025, 'Emre', 'Yavuz', 'emre.yavuz@etu.edu.tr', '5302020202', '2', 'aktif', 4),
(1026, 'Hakan', 'Öz', 'hakan.oz@etu.edu.tr', '5303030303', '3', 'aktif', 1),
(1027, 'Cansu', 'Polat', 'cansu.polat@etu.edu.tr', '5304040404', '1', 'aktif', 3),
(1028, 'Oğuz', 'Balcı', 'oguz.balci@etu.edu.tr', '5305050505', '2', 'aktif', 5),
(1029, 'Sibel', 'Çınar', 'sibel.cinar@etu.edu.tr', '5306060606', '3', 'aktif', 6),
(1030, 'Murat', 'Aslan', 'murat.aslan@etu.edu.tr', '5307070707', '4', 'aktif', 2),
(1031, 'Neşe', 'Uslu', 'nese.uslu@etu.edu.tr', '5308080808', '1', 'aktif', 4),
(1032, 'Serhat', 'Taş', 'serhat.tas@etu.edu.tr', '5309090909', '2', 'aktif', 1),
(1033, 'Gamze', 'Koç', 'gamze.koc@etu.edu.tr', '5310101010', '3', 'aktif', 3),
(1034, 'Efe', 'Yıldırım', 'efe.yildirim@etu.edu.tr', '5311111111', '1', 'aktif', 6),
(1035, 'Buse', 'İnce', 'buse.ince@etu.edu.tr', '5312121212', '2', 'aktif', 5),
(1036, 'Halil', 'Doğan', 'halil.dogan@etu.edu.tr', '5313131313', '3', 'aktif', 2),
(1037, 'Aylin', 'Çetinkaya', 'aylin.cetinkaya@etu.edu.tr', '5314141414', '4', 'aktif', 1),
(1038, 'İsmail', 'Boz', 'ismail.boz@etu.edu.tr', '5315151515', '1', 'aktif', 3),
(1039, 'Dilara', 'Topal', 'dilara.topal@etu.edu.tr', '5316161616', '2', 'aktif', 4),
(1040, 'Baran', 'Ersoy', 'baran.ersoy@etu.edu.tr', '5317171717', '3', 'aktif', 5),
(1041, 'Nihal', 'Yüce', 'nihal.yuce@etu.edu.tr', '5318181818', '4', 'aktif', 6),
(1042, 'Caner', 'Bayram', 'caner.bayram@etu.edu.tr', '5319191919', '1', 'aktif', 1),
(1043, 'Sude', 'İlhan', 'sude.ilhan@etu.edu.tr', '5320202020', '2', 'aktif', 2),
(1044, 'Burcu', 'Kılıç', 'burcu.kilic@etu.edu.tr', '5321212121', '3', 'aktif', 3),
(1045, 'Samet', 'Akyol', 'samet.akyol@etu.edu.tr', '5322323232', '4', 'aktif', 4),
(1046, 'Yaren', 'Ergin', 'yaren.ergin@etu.edu.tr', '5323434343', '1', 'aktif', 5),
(1047, 'Alper', 'Gür', 'alper.gur@etu.edu.tr', '5324545454', '2', 'aktif', 6),
(1048, 'Hilal', 'Tekin', 'hilal.tekin@etu.edu.tr', '5325656565', '3', 'aktif', 1),
(1049, 'Koray', 'Bayraktar', 'koray.bayraktar@etu.edu.tr', '5326767676', '4', 'aktif', 2),
(1050, 'Yasemin', 'Özdemir', 'yasemin.ozdemir@etu.edu.tr', '5327878787', '1', 'aktif', 3),
(1051, 'Gökhan', 'Sarı', 'gokhan.sari@etu.edu.tr', '5328989898', '2', 'aktif', 4),
(1052, 'Melike', 'Efe', 'melike.efe@etu.edu.tr', '5329090909', '3', 'aktif', 5),
(1053, 'Onur', 'Güven', 'onur.guven@etu.edu.tr', '5330101010', '4', 'aktif', 6),
(1054, 'Zeliha', 'Baş', 'zeliha.bas@etu.edu.tr', '5331111111', '1', 'aktif', 1),
(1055, 'Ferhat', 'Tuncel', 'ferhat.tuncel@etu.edu.tr', '5332121212', '2', 'aktif', 2),
(1056, 'Eda', 'Yalçın', 'eda.yalcin@etu.edu.tr', '5333131313', '3', 'aktif', 3),
(1057, 'Taha', 'Işık', 'taha.isik@etu.edu.tr', '5334141414', '4', 'aktif', 4),
(1058, 'İlknur', 'Sağlam', 'ilknur.saglam@etu.edu.tr', '5335151515', '1', 'aktif', 5),
(1059, 'Batuhan', 'Özkan', 'batuhan.ozkan@etu.edu.tr', '5336161616', '2', 'aktif', 6),
(1060, 'Selda', 'Yıldırım', 'selda.yildirim@etu.edu.tr', '5337171717', '3', 'aktif', 1),
(1061, 'Furkan', 'Bozkurt', 'furkan.bozkurt@etu.edu.tr', '5338181818', '4', 'aktif', 2),
(1062, 'Neval', 'Albayrak', 'neval.albayrak@etu.edu.tr', '5339191919', '1', 'aktif', 3);

INSERT INTO uni_yonetim.ogretim_uyesi (ogretmen_id, ad, soyad, e_posta, unvan, bolum_id) VALUES
(2013, 'Fikret', 'Yıldız', 'fikret.yildiz@etu.edu.tr', 'Profesör', 1),
(2014, 'Ceyda', 'Kaya', 'ceyda.kaya@etu.edu.tr', 'Doçent', 2),
(2015, 'Orhan', 'Şimşek', 'orhan.simsek@etu.edu.tr', 'Dr. Öğr. Üyesi', 3),
(2016, 'Seda', 'Turan', 'seda.turan@etu.edu.tr', 'Profesör', 4),
(2017, 'Ahmet', 'Başaran', 'ahmet.basaran@etu.edu.tr', 'Doçent', 5),
(2018, 'Aysel', 'Yüce', 'aysel.yuce@etu.edu.tr', 'Dr. Öğr. Üyesi', 6),
(2019, 'Taner', 'Deniz', 'taner.deniz@etu.edu.tr', 'Dr. Öğr. Üyesi', 1),
(2020, 'İrem', 'Altun', 'irem.altun@etu.edu.tr', 'Doçent', 2),
(2021, 'Gökçe', 'Ay', 'gokce.ay@etu.edu.tr', 'Profesör', 3),
(2022, 'Barış', 'Tekin', 'baris.tekin@etu.edu.tr', 'Dr. Öğr. Üyesi', 4),
(2023, 'Serap', 'Gül', 'serap.gul@etu.edu.tr', 'Profesör', 5),
(2024, 'Oya', 'Sönmez', 'oya.sonmez@etu.edu.tr', 'Doçent', 6),
(2025, 'Kemal', 'Özdemir', 'kemal.ozdemir@etu.edu.tr', 'Dr. Öğr. Üyesi', 1),
(2026, 'Sevgi', 'Taş', 'sevgi.tas@etu.edu.tr', 'Doçent', 2),
(2027, 'Yunus', 'Kaya', 'yunus.kaya@etu.edu.tr', 'Profesör', 3),
(2028, 'Belgin', 'Demir', 'belgin.demir@etu.edu.tr', 'Dr. Öğr. Üyesi', 4),
(2029, 'Deniz', 'Efe', 'deniz.efe@etu.edu.tr', 'Doçent', 5),
(2030, 'Rıza', 'Güler', 'riza.guler@etu.edu.tr', 'Profesör', 6),
(2031, 'Arzu', 'Kurt', 'arzu.kurt@etu.edu.tr', 'Dr. Öğr. Üyesi', 1),
(2032, 'Tolga', 'İnce', 'tolga.ince@etu.edu.tr', 'Doçent', 2);

INSERT INTO uni_yonetim.danismanlik (ogrenci_no, ogretmen_id) VALUES
(1001, 2001),
(1002, 2002),
(1003, 2003),
(1004, 2001),
(1005, 2002),
(1006, 2004),
(1007, 2005),
(1008, 2006),
(1009, 2001),
(1010, 2003),
(1011, 2002),
(1012, 2004),
(1013, 2005),
(1014, 2006),
(1015, 2007),
(1016, 2008),
(1017, 2009),
(1018, 2010),
(1019, 2011),
(1020, 2012),
(1021, 2013),
(1022, 2014),
(1023, 2015),
(1024, 2016),
(1025, 2017),
(1026, 2018),
(1027, 2019),
(1028, 2020),
(1029, 2021),
(1030, 2022),
(1031, 2023),
(1032, 2024),
(1033, 2025),
(1034, 2026),
(1035, 2027),
(1036, 2028),
(1037, 2029),
(1038, 2030),
(1039, 2031),
(1040, 2032),
(1041, 2001),
(1042, 2002),
(1043, 2003),
(1044, 2004),
(1045, 2005),
(1046, 2006),
(1047, 2007),
(1048, 2008),
(1049, 2009),
(1050, 2010),
(1051, 2011),
(1052, 2012),
(1053, 2013),
(1054, 2014),
(1055, 2015),
(1056, 2016),
(1057, 2017),
(1058, 2018),
(1059, 2019),
(1060, 2020),
(1061, 2021),
(1062, 2022);

INSERT INTO uni_yonetim.veli (veli_id, ad, soyad, telefon, e_posta) VALUES
(3001, 'Nihat', 'Yılmaz', '5401010101', 'nihat.yilmaz@gmail.com'),
(3002, 'Selma', 'Demir', '5402020202', 'selma.demir@gmail.com'),
(3003, 'Orhan', 'Kara', '5403030303', 'orhan.kara@gmail.com'),
(3004, 'Hatice', 'Aydın', '5404040404', 'hatice.aydin@gmail.com'),
(3005, 'Kemal', 'Koç', '5405050505', 'kemal.koc@gmail.com'),
(3006, 'Sibel', 'Şahin', '5406060606', 'sibel.sahin@gmail.com'),
(3007, 'Ahmet', 'Çelik', '5407070707', 'ahmet.celik@gmail.com'),
(3008, 'Zeynep', 'Öztürk', '5408080808', 'zeynep.ozturk@gmail.com'),
(3009, 'Veli', 'Kaya', '5409090909', 'veli.kaya@gmail.com'),
(3010, 'Nur', 'Yalçın', '5410101010', 'nur.yalcin@gmail.com'),
(3011, 'Hasan', 'Arslan', '5411111111', 'hasan.arslan@gmail.com'),
(3012, 'Fatma', 'Güneş', '5412121212', 'fatma.gunes@gmail.com'),
(3013, 'Cemal', 'Kurt', '5413131313', 'cemal.kurt@gmail.com'),
(3014, 'Aysun', 'Toprak', '5414141414', 'aysun.toprak@gmail.com'),
(3015, 'Yakup', 'Bozkurt', '5415151515', 'yakup.bozkurt@gmail.com'),
(3016, 'Esra', 'Ergin', '5416161616', 'esra.ergin@gmail.com'),
(3017, 'Murat', 'Yıldız', '5417171717', 'murat.yildiz@gmail.com'),
(3018, 'Ayfer', 'Duman', '5418181818', 'ayfer.duman@gmail.com'),
(3019, 'Serkan', 'Taş', '5419191919', 'serkan.tas@gmail.com'),
(3020, 'Bahar', 'Acar', '5420202020', 'bahar.acar@gmail.com'),
(3021, 'Yalçın', 'Polat', '5421212121', 'yalcin.polat@gmail.com'),
(3022, 'Tülay', 'Bal', '5422323232', 'tulay.bal@gmail.com'),
(3023, 'Erhan', 'Çınar', '5423434343', 'erhan.cinar@gmail.com'),
(3024, 'Derya', 'Aslan', '5424545454', 'derya.aslan@gmail.com'),
(3025, 'Levent', 'Uslu', '5425656565', 'levent.uslu@gmail.com'),
(3026, 'Figen', 'Taş', '5426767676', 'figen.tas@gmail.com'),
(3027, 'Tolga', 'Koç', '5427878787', 'tolga.koc@gmail.com'),
(3028, 'Canan', 'Kılıç', '5428989898', 'canan.kilic@gmail.com'),
(3029, 'Rıza', 'Akyol', '5429090909', 'riza.akyol@gmail.com'),
(3030, 'Mehmet', 'Ergin', '5430101010', 'mehmet.ergin@gmail.com'),
(3031, 'Zeliha', 'Tekin', '5431111111', 'zeliha.tekin@gmail.com'),
(3032, 'Yavuz', 'Bayraktar', '5432121212', 'yavuz.bayraktar@gmail.com'),
(3033, 'Gül', 'Özdemir', '5433131313', 'gul.ozdemir@gmail.com'),
(3034, 'Fuat', 'Sarı', '5434141414', 'fuat.sari@gmail.com'),
(3035, 'Hilal', 'Efe', '5435151515', 'hilal.efe@gmail.com'),
(3036, 'Onur', 'Güven', '5436161616', 'onur.guven@gmail.com'),
(3037, 'Ayşe', 'Baş', '5437171717', 'ayse.bas@gmail.com'),
(3038, 'Cengiz', 'Tuncel', '5438181818', 'cengiz.tuncel@gmail.com'),
(3039, 'İnci', 'Yalçın', '5439191919', 'inci.yalcin@gmail.com'),
(3040, 'Yasin', 'Işık', '5440202020', 'yasin.isik@gmail.com'),
(3041, 'Lale', 'Sağlam', '5441212121', 'lale.saglam@gmail.com'),
(3042, 'Bülent', 'Özkan', '5442323232', 'bulent.ozkan@gmail.com'),
(3043, 'Necla', 'Yıldırım', '5443434343', 'necla.yildirim@gmail.com'),
(3044, 'Nuri', 'Bozkurt', '5444545454', 'nuri.bozkurt@gmail.com'),
(3045, 'Cansu', 'Albayrak', '5445656565', 'cansu.albayrak@gmail.com');

INSERT INTO uni_yonetim.veli_ogrenci (ogrenci_no, veli_id) VALUES
(1001, 3001),
(1002, 3002),
(1003, 3003),
(1004, 3004),
(1005, 3005),
(1006, 3006),
(1007, 3007),
(1008, 3008),
(1009, 3009),
(1010, 3010),
(1011, 3011),
(1012, 3012),
(1013, 3013),
(1014, 3014),
(1015, 3015),
(1016, 3016),
(1017, 3017),
(1018, 3018),
(1019, 3019),
(1020, 3020),
(1021, 3021),
(1022, 3022),
(1023, 3023),
(1024, 3024),
(1025, 3025),
(1026, 3026),
(1027, 3027),
(1028, 3028),
(1029, 3029),
(1030, 3030),
(1031, 3031),
(1032, 3032),
(1033, 3033),
(1034, 3034),
(1035, 3035),
(1036, 3036),
(1037, 3037),
(1038, 3038),
(1039, 3039),
(1040, 3040),
(1041, 3041),
(1042, 3042),
(1043, 3043),
(1044, 3044),
(1045, 3045);

INSERT INTO uni_yonetim.ders (ders_kodu, ad, kredi, donem, zorunlu_mu, bolum_id) VALUES
('CENG101', 'Programlamaya Giriş', 6, 'GUZ', 1, 1),
('CENG102', 'Veri Yapıları', 6, 'BAHAR', 1, 1),
('CENG201', 'Veritabanı Sistemleri', 5, 'GUZ', 1, 1),
('EE101', 'Devre Teorisi I', 5, 'GUZ', 1, 2),
('EE102', 'Devre Teorisi II', 5, 'BAHAR', 1, 2),
('ME101', 'Termodinamik', 5, 'GUZ', 1, 3),
('ME102', 'Akışkanlar Mekaniği', 5, 'BAHAR', 1, 3),
('IE101', 'Yöneylem Araştırması I', 4, 'GUZ', 1, 4),
('IE102', 'Yöneylem Araştırması II', 4, 'BAHAR', 1, 4),
('ISL101', 'İktisada Giriş', 3, 'GUZ', 1, 5),
('ISL201', 'Muhasebe', 3, 'BAHAR', 1, 5),
('PSY101', 'Psikolojiye Giriş', 3, 'GUZ', 1, 6),
('PSY202', 'Davranış Bilimleri', 3, 'BAHAR', 1, 6),
('CENG301', 'Yapay Zeka', 5, 'GUZ', 0, 1),
('CENG302', 'Makine Öğrenmesi', 5, 'BAHAR', 0, 1),
('EE301', 'Sayısal Sistemler', 4, 'GUZ', 0, 2),
('ME301', 'Makine Elemanları', 4, 'GUZ', 0, 3),
('IE301', 'İstatistiksel Kalite Kontrol', 3, 'GUZ', 0, 4),
('ISL301', 'Pazarlama', 3, 'BAHAR', 0, 5),
('PSY301', 'Klinik Psikolojiye Giriş', 3, 'GUZ', 0, 6);

INSERT INTO uni_yonetim.ders_verme (ders_kodu, ogretmen_id) VALUES
('CENG101', 2001),
('CENG102', 2007),
('CENG201', 2013),
('EE101', 2002),
('EE102', 2008),
('ME101', 2003),
('ME102', 2009),
('IE101', 2004),
('IE102', 2010),
('ISL101', 2005),
('ISL201', 2011),
('PSY101', 2006),
('PSY202', 2012),
('CENG301', 2014),
('CENG302', 2015),
('EE301', 2016),
('ME301', 2017),
('IE301', 2018),
('ISL301', 2019),
('PSY301', 2020);

INSERT INTO uni_yonetim.on_kosul (ders_kodu, on_kosul_kodu) VALUES
('CENG102', 'CENG101'),
('CENG201', 'CENG102'),
('CENG301', 'CENG201'),
('CENG302', 'CENG301'),
('EE102', 'EE101'),
('ME102', 'ME101'),
('IE102', 'IE101'),
('ISL201', 'ISL101'),
('PSY202', 'PSY101'),
('PSY301', 'PSY202');

INSERT INTO uni_yonetim.derslik (derslik_id, bina, kat, kapasite) VALUES
(1, 'Mühendislik Binası', 1, 60),
(2, 'Mühendislik Binası', 2, 80),
(3, 'Mühendislik Binası', 3, 100),
(4, 'İİBF Binası', 1, 40),
(5, 'İİBF Binası', 2, 60),
(6, 'İnsan ve Toplum Bil. Binası', 1, 50),
(7, 'İnsan ve Toplum Bil. Binası', 2, 70),
(8, 'Konferans Salonu', 0, 200),
(9, 'Bilgisayar Laboratuvarı', 1, 35),
(10, 'Elektronik Laboratuvarı', 2, 30);

INSERT INTO uni_yonetim.ders_kaydi (ogrenci_no, ders_kodu, yil, donem, notu) VALUES
-- Geçmiş yıllar (notlar var)
(1001, 'CENG101', 2023, 'GUZ', 3.00),
(1001, 'CENG102', 2024, 'BAHAR', 2.50),
(1001, 'CENG201', 2024, 'GUZ', 2.75),

(1002, 'EE101', 2023, 'GUZ', 1.50),
(1002, 'EE102', 2024, 'BAHAR', 2.00),
(1002, 'EE301', 2024, 'GUZ', 2.75),

(1003, 'ME101', 2023, 'GUZ', 2.00),
(1003, 'ME102', 2024, 'BAHAR', 2.50),

(1004, 'IE101', 2023, 'GUZ', 3.00),
(1004, 'IE102', 2024, 'BAHAR', 3.25),

(1005, 'ISL101', 2023, 'GUZ', 2.50),
(1005, 'ISL201', 2024, 'BAHAR', 3.00),

(1006, 'PSY101', 2023, 'GUZ', 3.75),
(1006, 'PSY202', 2024, 'BAHAR', 4.00),

-- 2025 yılı kayıtları (notu NULL olacak)
(1001, 'CENG301', 2025, 'BAHAR', NULL),
(1002, 'EE301', 2025, 'BAHAR', NULL),
(1003, 'ME301', 2025, 'BAHAR', NULL),
(1004, 'IE301', 2025, 'BAHAR', NULL),
(1005, 'ISL301', 2025, 'BAHAR', NULL),
(1006, 'PSY301', 2025, 'BAHAR', NULL),
(1007, 'CENG101', 2025, 'GUZ', NULL),
(1008, 'ISL101', 2025, 'GUZ', NULL),
(1009, 'CENG101', 2025, 'GUZ', NULL),
(1010, 'ME101', 2025, 'GUZ', NULL),
(1011, 'EE101', 2025, 'GUZ', NULL),
(1012, 'IE101', 2025, 'GUZ', NULL),
(1013, 'PSY101', 2025, 'GUZ', NULL);

INSERT INTO uni_yonetim.ders_kaydi (ogrenci_no, ders_kodu, yil, donem, notu) VALUES
-- 2025 dönemi kayıtları (notu girilmemiş öğrenciler)
(1014, 'CENG101', 2025, 'GUZ', NULL),
(1015, 'CENG102', 2025, 'BAHAR', NULL),
(1016, 'EE101', 2025, 'GUZ', NULL),
(1017, 'EE102', 2025, 'BAHAR', NULL),
(1018, 'ME101', 2025, 'GUZ', NULL),
(1019, 'ME102', 2025, 'BAHAR', NULL),
(1020, 'IE101', 2025, 'GUZ', NULL),
(1021, 'IE102', 2025, 'BAHAR', NULL),
(1022, 'ISL101', 2025, 'GUZ', NULL),
(1023, 'ISL201', 2025, 'BAHAR', NULL),
(1024, 'PSY101', 2025, 'GUZ', NULL),
(1025, 'PSY202', 2025, 'BAHAR', NULL),
(1026, 'CENG101', 2025, 'GUZ', NULL),
(1027, 'CENG102', 2025, 'BAHAR', NULL),
(1028, 'EE101', 2025, 'GUZ', NULL),
(1029, 'EE102', 2025, 'BAHAR', NULL),
(1030, 'ME101', 2025, 'GUZ', NULL),
(1031, 'ME102', 2025, 'BAHAR', NULL),
(1032, 'IE101', 2025, 'GUZ', NULL),
(1033, 'IE102', 2025, 'BAHAR', NULL),
(1034, 'ISL101', 2025, 'GUZ', NULL),
(1035, 'ISL201', 2025, 'BAHAR', NULL),
(1036, 'PSY101', 2025, 'GUZ', NULL),
(1037, 'PSY202', 2025, 'BAHAR', NULL),
(1038, 'CENG301', 2025, 'GUZ', NULL),
(1039, 'CENG302', 2025, 'BAHAR', NULL),
(1040, 'EE301', 2025, 'GUZ', NULL),
(1041, 'ME301', 2025, 'GUZ', NULL),
(1042, 'IE301', 2025, 'GUZ', NULL),
(1043, 'ISL301', 2025, 'GUZ', NULL),
(1044, 'PSY301', 2025, 'GUZ', NULL),
(1045, 'CENG201', 2025, 'GUZ', NULL),
(1046, 'EE102', 2025, 'BAHAR', NULL),
(1047, 'ME102', 2025, 'BAHAR', NULL),
(1048, 'ISL201', 2025, 'BAHAR', NULL),
(1049, 'IE102', 2025, 'BAHAR', NULL),
(1050, 'PSY202', 2025, 'BAHAR', NULL),
(1051, 'CENG101', 2025, 'GUZ', NULL),
(1052, 'CENG102', 2025, 'BAHAR', NULL),
(1053, 'CENG201', 2025, 'GUZ', NULL),
(1054, 'CENG301', 2025, 'BAHAR', NULL),
(1055, 'ISL101', 2025, 'GUZ', NULL),
(1056, 'ISL201', 2025, 'BAHAR', NULL),
(1057, 'PSY101', 2025, 'GUZ', NULL),
(1058, 'PSY202', 2025, 'BAHAR', NULL),
(1059, 'IE101', 2025, 'GUZ', NULL),
(1060, 'IE102', 2025, 'BAHAR', NULL),
(1061, 'EE101', 2025, 'GUZ', NULL),
(1062, 'EE102', 2025, 'BAHAR', NULL);


INSERT INTO uni_yonetim.ders_kaydi (ogrenci_no, ders_kodu, yil, donem, notu) VALUES
-- Geçmiş dönem kayıtları (2023–2024)
(1001, 'CENG102', 2023, 'BAHAR', 3.00),
(1002, 'EE301', 2024, 'YAZ', 2.75),
(1003, 'ME301', 2023, 'GUZ', 2.00),
(1004, 'IE301', 2024, 'GUZ', 3.50),
(1005, 'ISL301', 2024, 'BAHAR', 3.25),
(1006, 'PSY301', 2023, 'BAHAR', 3.00),
(1007, 'CENG201', 2024, 'GUZ', 2.00),
(1008, 'ISL201', 2023, 'BAHAR', 2.75),
(1009, 'CENG102', 2024, 'BAHAR', 1.50),
(1010, 'ME102', 2023, 'BAHAR', 2.00),
(1011, 'EE301', 2024, 'GUZ', 3.00),
(1012, 'IE301', 2023, 'GUZ', 3.75),
(1013, 'ISL101', 2023, 'GUZ', 2.50),
(1014, 'CENG301', 2024, 'BAHAR', 3.00),
(1015, 'CENG302', 2024, 'YAZ', 3.25),
(1016, 'EE102', 2023, 'BAHAR', 2.00),
(1017, 'EE101', 2024, 'GUZ', 1.00),
(1018, 'ME301', 2023, 'YAZ', 3.00),
(1019, 'IE102', 2023, 'GUZ', 3.00),
(1020, 'ISL201', 2024, 'BAHAR', 2.50),
(1021, 'PSY202', 2024, 'GUZ', 3.00),
(1022, 'CENG201', 2023, 'BAHAR', 2.75),
(1023, 'CENG301', 2024, 'BAHAR', 3.00),
(1024, 'CENG302', 2023, 'GUZ', 3.50),
(1025, 'EE101', 2024, 'BAHAR', 2.00),
(1026, 'ME101', 2023, 'GUZ', 1.50),
(1027, 'ME102', 2024, 'BAHAR', 2.75),
(1028, 'IE101', 2024, 'GUZ', 3.00),
(1029, 'IE102', 2023, 'GUZ', 2.50),
(1030, 'ISL301', 2024, 'GUZ', 2.00),
(1031, 'PSY301', 2023, 'YAZ', 3.75),
(1032, 'CENG301', 2023, 'GUZ', 2.50),
(1033, 'CENG201', 2024, 'BAHAR', 3.00),
(1034, 'CENG302', 2023, 'BAHAR', 3.75),

-- 2025 dönemi kayıtları (notlar NULL)
(1035, 'CENG301', 2025, 'BAHAR', NULL),
(1036, 'CENG302', 2025, 'BAHAR', NULL),
(1037, 'CENG201', 2025, 'GUZ', NULL),
(1038, 'EE101', 2025, 'BAHAR', NULL),
(1039, 'EE102', 2025, 'BAHAR', NULL),
(1040, 'ME101', 2025, 'BAHAR', NULL),
(1041, 'ME102', 2025, 'BAHAR', NULL),
(1042, 'ISL101', 2025, 'BAHAR', NULL),
(1043, 'ISL201', 2025, 'BAHAR', NULL),
(1044, 'PSY101', 2025, 'BAHAR', NULL),
(1045, 'PSY202', 2025, 'BAHAR', NULL),
(1046, 'PSY301', 2025, 'BAHAR', NULL),
(1047, 'ISL301', 2025, 'BAHAR', NULL),
(1048, 'IE301', 2025, 'BAHAR', NULL),
(1049, 'ME301', 2025, 'BAHAR', NULL),
(1050, 'CENG101', 2025, 'BAHAR', NULL),
(1051, 'CENG102', 2025, 'BAHAR', NULL),
(1052, 'CENG201', 2025, 'BAHAR', NULL),
(1053, 'CENG301', 2025, 'BAHAR', NULL),
(1054, 'CENG302', 2025, 'BAHAR', NULL),
(1055, 'CENG301', 2025, 'GUZ', NULL),
(1056, 'CENG302', 2025, 'GUZ', NULL),
(1057, 'ISL201', 2025, 'GUZ', NULL),
(1058, 'IE102', 2025, 'GUZ', NULL),
(1059, 'ME101', 2025, 'GUZ', NULL),
(1060, 'EE301', 2025, 'GUZ', NULL),
(1061, 'CENG101', 2025, 'GUZ', NULL),
(1062, 'CENG102', 2025, 'GUZ', NULL);

-- Öğrenciler (1001–1062)
INSERT INTO uni_yonetim.kullanici (kullanici_id, kullanici_adi, sifre, rol) VALUES
(1, '1001@ogr', '1234', 'ogrenci'),
(2, '1002@ogr', '1234', 'ogrenci'),
(3, '1003@ogr', '1234', 'ogrenci'),
(4, '1004@ogr', '1234', 'ogrenci'),
(5, '1005@ogr', '1234', 'ogrenci'),
(6, '1006@ogr', '1234', 'ogrenci'),
(7, '1007@ogr', '1234', 'ogrenci'),
(8, '1008@ogr', '1234', 'ogrenci'),
(9, '1009@ogr', '1234', 'ogrenci'),
(10, '1010@ogr', '1234', 'ogrenci'),
(11, '1011@ogr', '1234', 'ogrenci'),
(12, '1012@ogr', '1234', 'ogrenci'),
(13, '1013@ogr', '1234', 'ogrenci'),
(14, '1014@ogr', '1234', 'ogrenci'),
(15, '1015@ogr', '1234', 'ogrenci'),
(16, '1016@ogr', '1234', 'ogrenci'),
(17, '1017@ogr', '1234', 'ogrenci'),
(18, '1018@ogr', '1234', 'ogrenci'),
(19, '1019@ogr', '1234', 'ogrenci'),
(20, '1020@ogr', '1234', 'ogrenci'),
(21, '1021@ogr', '1234', 'ogrenci'),
(22, '1022@ogr', '1234', 'ogrenci'),
(23, '1023@ogr', '1234', 'ogrenci'),
(24, '1024@ogr', '1234', 'ogrenci'),
(25, '1025@ogr', '1234', 'ogrenci'),
(26, '1026@ogr', '1234', 'ogrenci'),
(27, '1027@ogr', '1234', 'ogrenci'),
(28, '1028@ogr', '1234', 'ogrenci'),
(29, '1029@ogr', '1234', 'ogrenci'),
(30, '1030@ogr', '1234', 'ogrenci'),
(31, '1031@ogr', '1234', 'ogrenci'),
(32, '1032@ogr', '1234', 'ogrenci'),
(33, '1033@ogr', '1234', 'ogrenci'),
(34, '1034@ogr', '1234', 'ogrenci'),
(35, '1035@ogr', '1234', 'ogrenci'),
(36, '1036@ogr', '1234', 'ogrenci'),
(37, '1037@ogr', '1234', 'ogrenci'),
(38, '1038@ogr', '1234', 'ogrenci'),
(39, '1039@ogr', '1234', 'ogrenci'),
(40, '1040@ogr', '1234', 'ogrenci'),
(41, '1041@ogr', '1234', 'ogrenci'),
(42, '1042@ogr', '1234', 'ogrenci'),
(43, '1043@ogr', '1234', 'ogrenci'),
(44, '1044@ogr', '1234', 'ogrenci'),
(45, '1045@ogr', '1234', 'ogrenci'),
(46, '1046@ogr', '1234', 'ogrenci'),
(47, '1047@ogr', '1234', 'ogrenci'),
(48, '1048@ogr', '1234', 'ogrenci'),
(49, '1049@ogr', '1234', 'ogrenci'),
(50, '1050@ogr', '1234', 'ogrenci'),
(51, '1051@ogr', '1234', 'ogrenci'),
(52, '1052@ogr', '1234', 'ogrenci'),
(53, '1053@ogr', '1234', 'ogrenci'),
(54, '1054@ogr', '1234', 'ogrenci'),
(55, '1055@ogr', '1234', 'ogrenci'),
(56, '1056@ogr', '1234', 'ogrenci'),
(57, '1057@ogr', '1234', 'ogrenci'),
(58, '1058@ogr', '1234', 'ogrenci'),
(59, '1059@ogr', '1234', 'ogrenci'),
(60, '1060@ogr', '1234', 'ogrenci'),
(61, '1061@ogr', '1234', 'ogrenci'),
(62, '1062@ogr', '1234', 'ogrenci'),

-- Öğretim üyeleri (2001–2032)
(63, '2001@akademi', '1234', 'ogretim_gorevlisi'),
(64, '2002@akademi', '1234', 'ogretim_gorevlisi'),
(65, '2003@akademi', '1234', 'ogretim_gorevlisi'),
(66, '2004@akademi', '1234', 'ogretim_gorevlisi'),
(67, '2005@akademi', '1234', 'ogretim_gorevlisi'),
(68, '2006@akademi', '1234', 'ogretim_gorevlisi'),
(69, '2007@akademi', '1234', 'ogretim_gorevlisi'),
(70, '2008@akademi', '1234', 'ogretim_gorevlisi'),
(71, '2009@akademi', '1234', 'ogretim_gorevlisi'),
(72, '2010@akademi', '1234', 'ogretim_gorevlisi'),
(73, '2011@akademi', '1234', 'ogretim_gorevlisi'),
(74, '2012@akademi', '1234', 'ogretim_gorevlisi'),
(75, '2013@akademi', '1234', 'ogretim_gorevlisi'),
(76, '2014@akademi', '1234', 'ogretim_gorevlisi'),
(77, '2015@akademi', '1234', 'ogretim_gorevlisi'),
(78, '2016@akademi', '1234', 'ogretim_gorevlisi'),
(79, '2017@akademi', '1234', 'ogretim_gorevlisi'),
(80, '2018@akademi', '1234', 'ogretim_gorevlisi'),
(81, '2019@akademi', '1234', 'ogretim_gorevlisi'),
(82, '2020@akademi', '1234', 'ogretim_gorevlisi'),
(83, '2021@akademi', '1234', 'ogretim_gorevlisi'),
(84, '2022@akademi', '1234', 'ogretim_gorevlisi'),
(85, '2023@akademi', '1234', 'ogretim_gorevlisi'),
(86, '2024@akademi', '1234', 'ogretim_gorevlisi'),
(87, '2025@akademi', '1234', 'ogretim_gorevlisi'),
(88, '2026@akademi', '1234', 'ogretim_gorevlisi'),
(89, '2027@akademi', '1234', 'ogretim_gorevlisi'),
(90, '2028@akademi', '1234', 'ogretim_gorevlisi'),
(91, '2029@akademi', '1234', 'ogretim_gorevlisi'),
(92, '2030@akademi', '1234', 'ogretim_gorevlisi'),
(93, '2031@akademi', '1234', 'ogretim_gorevlisi'),
(94, '2032@akademi', '1234', 'ogretim_gorevlisi'),

-- Yönetici
(95, 'admin', '1234', 'yonetici');
















